"U:0,""U:1"",""U:2"",""p"",""vtkValidPointMask"",""arc_length"",""Points:0"",""Points:1"",""Points:2"""
0.060057,-8.434e-07,0,0,1,0,1.5,0,0
0.060062,-8.8569e-07,0,-5.0066e-19,1,1e-05,1.5,1e-05,0
0.060067,-9.2797e-07,0,0,1,2e-05,1.5,2e-05,0
0.060072,-9.7026e-07,0,0,1,3e-05,1.5,3e-05,0
0.060077,-1.0125e-06,0,0,1,4e-05,1.5,4e-05,0
0.060081,-1.0548e-06,0,0,1,5e-05,1.5,5e-05,0
0.060086,-1.0971e-06,0,0,1,6e-05,1.5,6e-05,0
0.060091,-1.1394e-06,0,0,1,7e-05,1.5,7e-05,0
0.060096,-1.1817e-06,0,0,1,8e-05,1.5,8e-05,0
0.060101,-1.224e-06,0,0,1,9e-05,1.5,9e-05,0
0.060106,-1.2663e-06,0,0,1,0.0001,1.5,0.0001,0
0.060111,-1.3085e-06,0,0,1,0.00011,1.5,0.00011,0
0.060116,-1.3508e-06,0,0,1,0.00012,1.5,0.00012,0
0.06012,-1.3931e-06,0,0,1,0.00013,1.5,0.00013,0
0.060125,-1.4354e-06,0,0,1,0.00014,1.5,0.00014,0
0.06013,-1.4777e-06,0,0,1,0.00015,1.5,0.00015,0
0.060135,-1.52e-06,0,0,1,0.00016,1.5,0.00016,0
0.06014,-1.5623e-06,0,0,1,0.00017,1.5,0.00017,0
0.060145,-1.6045e-06,0,0,1,0.00018,1.5,0.00018,0
0.06015,-1.6468e-06,0,0,1,0.00019,1.5,0.00019,0
0.060155,-1.6891e-06,0,0,1,0.0002,1.5,0.0002,0
0.060159,-1.7314e-06,0,0,1,0.00021,1.5,0.00021,0
0.060164,-1.7737e-06,0,0,1,0.00022,1.5,0.00022,0
0.060169,-1.816e-06,0,0,1,0.00023,1.5,0.00023,0
0.060174,-1.8582e-06,0,0,1,0.00024,1.5,0.00024,0
0.060179,-1.9005e-06,0,0,1,0.00025,1.5,0.00025,0
0.060189,-2.0004e-06,0,0,1,0.00026,1.5,0.00026,0
0.060199,-2.1003e-06,0,0,1,0.00027,1.5,0.00027,0
0.060208,-2.2001e-06,0,-5.0064e-19,1,0.00028,1.5,0.00028,0
0.060218,-2.3e-06,0,0,1,0.00029,1.5,0.00029,0
0.060228,-2.3999e-06,0,0,1,0.0003,1.5,0.0003,0
0.060238,-2.4997e-06,0,0,1,0.00031,1.5,0.00031,0
0.060248,-2.5996e-06,0,0,1,0.00032,1.5,0.00032,0
0.060257,-2.6995e-06,0,-5.0064e-19,1,0.00033,1.5,0.00033,0
0.060267,-2.7993e-06,0,0,1,0.00034,1.5,0.00034,0
0.060277,-2.8992e-06,0,0,1,0.00035,1.5,0.00035,0
0.060287,-2.9991e-06,0,0,1,0.00036,1.5,0.00036,0
0.060296,-3.0989e-06,0,0,1,0.00037,1.5,0.00037,0
0.060306,-3.1988e-06,0,0,1,0.00038,1.5,0.00038,0
0.060316,-3.2987e-06,0,0,1,0.00039,1.5,0.00039,0
0.060326,-3.3985e-06,0,0,1,0.0004,1.5,0.0004,0
0.060336,-3.4984e-06,0,0,1,0.00041,1.5,0.00041,0
0.060345,-3.5983e-06,0,0,1,0.00042,1.5,0.00042,0
0.060355,-3.6981e-06,0,0,1,0.00043,1.5,0.00043,0
0.060365,-3.798e-06,0,0,1,0.00044,1.5,0.00044,0
0.060375,-3.8979e-06,0,0,1,0.00045,1.5,0.00045,0
0.060385,-3.9977e-06,0,0,1,0.00046,1.5,0.00046,0
0.060394,-4.0976e-06,0,0,1,0.00047,1.5,0.00047,0
0.060404,-4.1975e-06,0,0,1,0.00048,1.5,0.00048,0
0.060414,-4.2973e-06,0,0,1,0.00049,1.5,0.00049,0
0.060424,-4.3972e-06,0,0,1,0.0005,1.5,0.0005,0
0.060434,-4.5195e-06,0,0,1,0.00051,1.5,0.00051,0
0.060444,-4.6417e-06,0,0,1,0.00052,1.5,0.00052,0
0.060454,-4.764e-06,0,0,1,0.00053,1.5,0.00053,0
0.060464,-4.8862e-06,0,5.0255e-19,1,0.00054,1.5,0.00054,0
0.060474,-5.0085e-06,0,0,1,0.00055,1.5,0.00055,0
0.060483,-5.1307e-06,0,0,1,0.00056,1.5,0.00056,0
0.060493,-5.253e-06,0,0,1,0.00057,1.5,0.00057,0
0.060503,-5.3753e-06,0,0,1,0.00058,1.5,0.00058,0
0.060513,-5.4975e-06,0,0,1,0.00059,1.5,0.00059,0
0.060523,-5.6198e-06,0,0,1,0.0006,1.5,0.0006,0
0.060533,-5.742e-06,0,0,1,0.00061,1.5,0.00061,0
0.060543,-5.8643e-06,0,0,1,0.00062,1.5,0.00062,0
0.060553,-5.9866e-06,0,0,1,0.00063,1.5,0.00063,0
0.060563,-6.1088e-06,0,0,1,0.00064,1.5,0.00064,0
0.060573,-6.2311e-06,0,0,1,0.00065,1.5,0.00065,0
0.060583,-6.3533e-06,0,0,1,0.00066,1.5,0.00066,0
0.060593,-6.4756e-06,0,0,1,0.00067,1.5,0.00067,0
0.060603,-6.5978e-06,0,0,1,0.00068,1.5,0.00068,0
0.060613,-6.7201e-06,0,0,1,0.00069,1.5,0.00069,0
0.060623,-6.8424e-06,0,0,1,0.0007,1.5,0.0007,0
0.060633,-6.9646e-06,0,0,1,0.00071,1.5,0.00071,0
0.060643,-7.0869e-06,0,0,1,0.00072,1.5,0.00072,0
0.060653,-7.2091e-06,0,0,1,0.00073,1.5,0.00073,0
0.060663,-7.3314e-06,0,0,1,0.00074,1.5,0.00074,0
0.060673,-7.4536e-06,0,0,1,0.00075,1.5,0.00075,0
0.060683,-7.5856e-06,0,0,1,0.00076,1.5,0.00076,0
0.060693,-7.7176e-06,0,0,1,0.00077,1.5,0.00077,0
0.060704,-7.8496e-06,0,0,1,0.00078,1.5,0.00078,0
0.060714,-7.9816e-06,0,0,1,0.00079,1.5,0.00079,0
0.060724,-8.1136e-06,0,0,1,0.0008,1.5,0.0008,0
0.060735,-8.2456e-06,0,0,1,0.00081,1.5,0.00081,0
0.060745,-8.3776e-06,0,0,1,0.00082,1.5,0.00082,0
0.060755,-8.5095e-06,0,0,1,0.00083,1.5,0.00083,0
0.060765,-8.6415e-06,0,0,1,0.00084,1.5,0.00084,0
0.060776,-8.7735e-06,0,0,1,0.00085,1.5,0.00085,0
0.060786,-8.9055e-06,0,0,1,0.00086,1.5,0.00086,0
0.060796,-9.0375e-06,0,0,1,0.00087,1.5,0.00087,0
0.060806,-9.1695e-06,0,0,1,0.00088,1.5,0.00088,0
0.060817,-9.3015e-06,0,0,1,0.00089,1.5,0.00089,0
0.060827,-9.4335e-06,0,0,1,0.0009,1.5,0.0009,0
0.060837,-9.5654e-06,0,0,1,0.00091,1.5,0.00091,0
0.060848,-9.6974e-06,0,0,1,0.00092,1.5,0.00092,0
0.060858,-9.8294e-06,0,0,1,0.00093,1.5,0.00093,0
0.060868,-9.9614e-06,0,0,1,0.00094,1.5,0.00094,0
0.060878,-1.0093e-05,0,0,1,0.00095,1.5,0.00095,0
0.060889,-1.0225e-05,0,0,1,0.00096,1.5,0.00096,0
0.060899,-1.0357e-05,0,0,1,0.00097,1.5,0.00097,0
0.060909,-1.0489e-05,0,0,1,0.00098,1.5,0.00098,0
0.06092,-1.0621e-05,0,0,1,0.00099,1.5,0.00099,0
0.06093,-1.0753e-05,0,0,1,0.001,1.5,0.001,0
0.06094,-1.0888e-05,0,0,1,0.00101,1.5,0.00101,0
0.060951,-1.1023e-05,0,0,1,0.00102,1.5,0.00102,0
0.060961,-1.1158e-05,0,0,1,0.00103,1.5,0.00103,0
0.060972,-1.1293e-05,0,0,1,0.00104,1.5,0.00104,0
0.060982,-1.1427e-05,0,0,1,0.00105,1.5,0.00105,0
0.060993,-1.1562e-05,0,-5.011e-19,1,0.00106,1.5,0.00106,0
0.061004,-1.1697e-05,0,0,1,0.00107,1.5,0.00107,0
0.061014,-1.1832e-05,0,0,1,0.00108,1.5,0.00108,0
0.061025,-1.1967e-05,0,0,1,0.00109,1.5,0.00109,0
0.061035,-1.2101e-05,0,0,1,0.0011,1.5,0.0011,0
0.061046,-1.2236e-05,0,0,1,0.00111,1.5,0.00111,0
0.061056,-1.2371e-05,0,0,1,0.00112,1.5,0.00112,0
0.061067,-1.2506e-05,0,0,1,0.00113,1.5,0.00113,0
0.061077,-1.2641e-05,0,0,1,0.00114,1.5,0.00114,0
0.061088,-1.2775e-05,0,0,1,0.00115,1.5,0.00115,0
0.061098,-1.291e-05,0,0,1,0.00116,1.5,0.00116,0
0.061109,-1.3045e-05,0,0,1,0.00117,1.5,0.00117,0
0.061119,-1.318e-05,0,0,1,0.00118,1.5,0.00118,0
0.06113,-1.3315e-05,0,0,1,0.00119,1.5,0.00119,0
0.06114,-1.3449e-05,0,0,1,0.0012,1.5,0.0012,0
0.061151,-1.3584e-05,0,0,1,0.00121,1.5,0.00121,0
0.061162,-1.3719e-05,0,0,1,0.00122,1.5,0.00122,0
0.061172,-1.3854e-05,0,0,1,0.00123,1.5,0.00123,0
0.061183,-1.3989e-05,0,0,1,0.00124,1.5,0.00124,0
0.061193,-1.4123e-05,0,0,1,0.00125,1.5,0.00125,0
0.061204,-1.4257e-05,0,0,1,0.00126,1.5,0.00126,0
0.061214,-1.4391e-05,0,0,1,0.00127,1.5,0.00127,0
0.061225,-1.4524e-05,0,0,1,0.00128,1.5,0.00128,0
0.061236,-1.4658e-05,0,0,1,0.00129,1.5,0.00129,0
0.061246,-1.4792e-05,0,0,1,0.0013,1.5,0.0013,0
0.061257,-1.4925e-05,0,0,1,0.00131,1.5,0.00131,0
0.061268,-1.5059e-05,0,0,1,0.00132,1.5,0.00132,0
0.061278,-1.5192e-05,0,0,1,0.00133,1.5,0.00133,0
0.061289,-1.5326e-05,0,0,1,0.00134,1.5,0.00134,0
0.061299,-1.546e-05,0,0,1,0.00135,1.5,0.00135,0
0.06131,-1.5593e-05,0,0,1,0.00136,1.5,0.00136,0
0.061321,-1.5727e-05,0,0,1,0.00137,1.5,0.00137,0
0.061331,-1.586e-05,0,0,1,0.00138,1.5,0.00138,0
0.061342,-1.5994e-05,0,0,1,0.00139,1.5,0.00139,0
0.061353,-1.6128e-05,0,0,1,0.0014,1.5,0.0014,0
0.061363,-1.6261e-05,0,0,1,0.00141,1.5,0.00141,0
0.061374,-1.6395e-05,0,0,1,0.00142,1.5,0.00142,0
0.061384,-1.6529e-05,0,0,1,0.00143,1.5,0.00143,0
0.061395,-1.6662e-05,0,0,1,0.00144,1.5,0.00144,0
0.061406,-1.6796e-05,0,0,1,0.00145,1.5,0.00145,0
0.061416,-1.6929e-05,0,0,1,0.00146,1.5,0.00146,0
0.061427,-1.7063e-05,0,0,1,0.00147,1.5,0.00147,0
0.061438,-1.7197e-05,0,0,1,0.00148,1.5,0.00148,0
0.061448,-1.733e-05,0,0,1,0.00149,1.5,0.00149,0
0.061459,-1.7464e-05,0,0,1,0.0015,1.5,0.0015,0
0.061469,-1.7594e-05,0,0,1,0.00151,1.5,0.00151,0
0.06148,-1.7724e-05,0,5.0373e-19,1,0.00152,1.5,0.00152,0
0.06149,-1.7854e-05,0,0,1,0.00153,1.5,0.00153,0
0.061501,-1.7983e-05,0,0,1,0.00154,1.5,0.00154,0
0.061511,-1.8113e-05,0,0,1,0.00155,1.5,0.00155,0
0.061522,-1.8243e-05,0,0,1,0.00156,1.5,0.00156,0
0.061532,-1.8373e-05,0,0,1,0.00157,1.5,0.00157,0
0.061543,-1.8503e-05,0,0,1,0.00158,1.5,0.00158,0
0.061553,-1.8633e-05,0,0,1,0.00159,1.5,0.00159,0
0.061564,-1.8763e-05,0,0,1,0.0016,1.5,0.0016,0
0.061574,-1.8893e-05,0,0,1,0.00161,1.5,0.00161,0
0.061585,-1.9023e-05,0,0,1,0.00162,1.5,0.00162,0
0.061596,-1.9152e-05,0,0,1,0.00163,1.5,0.00163,0
0.061606,-1.9282e-05,0,0,1,0.00164,1.5,0.00164,0
0.061617,-1.9412e-05,0,0,1,0.00165,1.5,0.00165,0
0.061627,-1.9542e-05,0,0,1,0.00166,1.5,0.00166,0
0.061638,-1.9672e-05,0,0,1,0.00167,1.5,0.00167,0
0.061648,-1.9802e-05,0,0,1,0.00168,1.5,0.00168,0
0.061659,-1.9932e-05,0,0,1,0.00169,1.5,0.00169,0
0.061669,-2.0062e-05,0,0,1,0.0017,1.5,0.0017,0
0.06168,-2.0191e-05,0,0,1,0.00171,1.5,0.00171,0
0.06169,-2.0321e-05,0,0,1,0.00172,1.5,0.00172,0
0.061701,-2.0451e-05,0,0,1,0.00173,1.5,0.00173,0
0.061711,-2.0581e-05,0,0,1,0.00174,1.5,0.00174,0
0.061722,-2.0711e-05,0,0,1,0.00175,1.5,0.00175,0
0.061732,-2.0835e-05,0,0,1,0.00176,1.5,0.00176,0
0.061742,-2.096e-05,0,5.0427e-19,1,0.00177,1.5,0.00177,0
0.061752,-2.1084e-05,0,0,1,0.00178,1.5,0.00178,0
0.061762,-2.1209e-05,0,0,1,0.00179,1.5,0.00179,0
0.061772,-2.1333e-05,0,0,1,0.0018,1.5,0.0018,0
0.061782,-2.1458e-05,0,0,1,0.00181,1.5,0.00181,0
0.061792,-2.1582e-05,0,0,1,0.00182,1.5,0.00182,0
0.061802,-2.1706e-05,0,0,1,0.00183,1.5,0.00183,0
0.061813,-2.1831e-05,0,0,1,0.00184,1.5,0.00184,0
0.061823,-2.1955e-05,0,0,1,0.00185,1.5,0.00185,0
0.061833,-2.208e-05,0,0,1,0.00186,1.5,0.00186,0
0.061843,-2.2204e-05,0,0,1,0.00187,1.5,0.00187,0
0.061853,-2.2329e-05,0,0,1,0.00188,1.5,0.00188,0
0.061863,-2.2453e-05,0,0,1,0.00189,1.5,0.00189,0
0.061873,-2.2578e-05,0,0,1,0.0019,1.5,0.0019,0
0.061883,-2.2702e-05,0,0,1,0.00191,1.5,0.00191,0
0.061893,-2.2826e-05,0,0,1,0.00192,1.5,0.00192,0
0.061904,-2.2951e-05,0,0,1,0.00193,1.5,0.00193,0
0.061914,-2.3075e-05,0,0,1,0.00194,1.5,0.00194,0
0.061924,-2.32e-05,0,0,1,0.00195,1.5,0.00195,0
0.061934,-2.3324e-05,0,0,1,0.00196,1.5,0.00196,0
0.061944,-2.3449e-05,0,0,1,0.00197,1.5,0.00197,0
0.061954,-2.3573e-05,0,0,1,0.00198,1.5,0.00198,0
0.061964,-2.3697e-05,0,0,1,0.00199,1.5,0.00199,0
0.061974,-2.3822e-05,0,0,1,0.002,1.5,0.002,0
0.061984,-2.394e-05,0,0,1,0.00201,1.5,0.00201,0
0.061993,-2.4058e-05,0,0,1,0.00202,1.5,0.00202,0
0.062002,-2.4175e-05,0,0,1,0.00203,1.5,0.00203,0
0.062012,-2.4293e-05,0,-5.0308e-19,1,0.00204,1.5,0.00204,0
0.062021,-2.4411e-05,0,0,1,0.00205,1.5,0.00205,0
0.062031,-2.4529e-05,0,0,1,0.00206,1.5,0.00206,0
0.06204,-2.4647e-05,0,0,1,0.00207,1.5,0.00207,0
0.062049,-2.4764e-05,0,0,1,0.00208,1.5,0.00208,0
0.062059,-2.4882e-05,0,0,1,0.00209,1.5,0.00209,0
0.062068,-2.5e-05,0,0,1,0.0021,1.5,0.0021,0
0.062078,-2.5118e-05,0,0,1,0.00211,1.5,0.00211,0
0.062087,-2.5236e-05,0,0,1,0.00212,1.5,0.00212,0
0.062096,-2.5353e-05,0,0,1,0.00213,1.5,0.00213,0
0.062106,-2.5471e-05,0,0,1,0.00214,1.5,0.00214,0
0.062115,-2.5589e-05,0,0,1,0.00215,1.5,0.00215,0
0.062125,-2.5707e-05,0,0,1,0.00216,1.5,0.00216,0
0.062134,-2.5825e-05,0,0,1,0.00217,1.5,0.00217,0
0.062143,-2.5942e-05,0,0,1,0.00218,1.5,0.00218,0
0.062153,-2.606e-05,0,0,1,0.00219,1.5,0.00219,0
0.062162,-2.6178e-05,0,0,1,0.0022,1.5,0.0022,0
0.062172,-2.6296e-05,0,0,1,0.00221,1.5,0.00221,0
0.062181,-2.6414e-05,0,0,1,0.00222,1.5,0.00222,0
0.06219,-2.6531e-05,0,0,1,0.00223,1.5,0.00223,0
0.0622,-2.6649e-05,0,0,1,0.00224,1.5,0.00224,0
0.062209,-2.6767e-05,0,0,1,0.00225,1.5,0.00225,0
0.062217,-2.6877e-05,0,0,1,0.00226,1.5,0.00226,0
0.062226,-2.6988e-05,0,0,1,0.00227,1.5,0.00227,0
0.062234,-2.7098e-05,0,0,1,0.00228,1.5,0.00228,0
0.062242,-2.7208e-05,0,0,1,0.00229,1.5,0.00229,0
0.062251,-2.7318e-05,0,0,1,0.0023,1.5,0.0023,0
0.062259,-2.7429e-05,0,0,1,0.00231,1.5,0.00231,0
0.062267,-2.7539e-05,0,0,1,0.00232,1.5,0.00232,0
0.062276,-2.7649e-05,0,0,1,0.00233,1.5,0.00233,0
0.062284,-2.7759e-05,0,0,1,0.00234,1.5,0.00234,0
0.062292,-2.787e-05,0,0,1,0.00235,1.5,0.00235,0
0.062301,-2.798e-05,0,0,1,0.00236,1.5,0.00236,0
0.062309,-2.809e-05,0,0,1,0.00237,1.5,0.00237,0
0.062317,-2.82e-05,0,0,1,0.00238,1.5,0.00238,0
0.062326,-2.8311e-05,0,0,1,0.00239,1.5,0.00239,0
0.062334,-2.8421e-05,0,0,1,0.0024,1.5,0.0024,0
0.062342,-2.8531e-05,0,0,1,0.00241,1.5,0.00241,0
0.062351,-2.8641e-05,0,0,1,0.00242,1.5,0.00242,0
0.062359,-2.8752e-05,0,0,1,0.00243,1.5,0.00243,0
0.062367,-2.8862e-05,0,0,1,0.00244,1.5,0.00244,0
0.062376,-2.8972e-05,0,0,1,0.00245,1.5,0.00245,0
0.062384,-2.9082e-05,0,0,1,0.00246,1.5,0.00246,0
0.062392,-2.9193e-05,0,0,1,0.00247,1.5,0.00247,0
0.062401,-2.9303e-05,0,0,1,0.00248,1.5,0.00248,0
0.062409,-2.9413e-05,0,0,1,0.00249,1.5,0.00249,0
0.062417,-2.9523e-05,0,0,1,0.0025,1.5,0.0025,0
0.062424,-2.9625e-05,0,0,1,0.00251,1.5,0.00251,0
0.062431,-2.9727e-05,0,5.0645e-19,1,0.00252,1.5,0.00252,0
0.062438,-2.9829e-05,0,0,1,0.00253,1.5,0.00253,0
0.062445,-2.9931e-05,0,0,1,0.00254,1.5,0.00254,0
0.062452,-3.0033e-05,0,0,1,0.00255,1.5,0.00255,0
0.062459,-3.0135e-05,0,0,1,0.00256,1.5,0.00256,0
0.062466,-3.0237e-05,0,0,1,0.00257,1.5,0.00257,0
0.062473,-3.0338e-05,0,0,1,0.00258,1.5,0.00258,0
0.062479,-3.044e-05,0,0,1,0.00259,1.5,0.00259,0
0.062486,-3.0542e-05,0,0,1,0.0026,1.5,0.0026,0
0.062493,-3.0644e-05,0,0,1,0.00261,1.5,0.00261,0
0.0625,-3.0746e-05,0,0,1,0.00262,1.5,0.00262,0
0.062507,-3.0848e-05,0,0,1,0.00263,1.5,0.00263,0
0.062514,-3.095e-05,0,0,1,0.00264,1.5,0.00264,0
0.062521,-3.1052e-05,0,0,1,0.00265,1.5,0.00265,0
0.062528,-3.1153e-05,0,0,1,0.00266,1.5,0.00266,0
0.062535,-3.1255e-05,0,0,1,0.00267,1.5,0.00267,0
0.062541,-3.1357e-05,0,0,1,0.00268,1.5,0.00268,0
0.062548,-3.1459e-05,0,0,1,0.00269,1.5,0.00269,0
0.062555,-3.1561e-05,0,0,1,0.0027,1.5,0.0027,0
0.062562,-3.1663e-05,0,0,1,0.00271,1.5,0.00271,0
0.062569,-3.1765e-05,0,0,1,0.00272,1.5,0.00272,0
0.062576,-3.1867e-05,0,0,1,0.00273,1.5,0.00273,0
0.062583,-3.1968e-05,0,0,1,0.00274,1.5,0.00274,0
0.06259,-3.207e-05,0,0,1,0.00275,1.5,0.00275,0
0.062595,-3.2163e-05,0,5.0731e-19,1,0.00276,1.5,0.00276,0
0.0626,-3.2256e-05,0,5.0734e-19,1,0.00277,1.5,0.00277,0
0.062605,-3.2348e-05,0,0,1,0.00278,1.5,0.00278,0
0.06261,-3.2441e-05,0,0,1,0.00279,1.5,0.00279,0
0.062615,-3.2534e-05,0,0,1,0.0028,1.5,0.0028,0
0.06262,-3.2626e-05,0,0,1,0.00281,1.5,0.00281,0
0.062625,-3.2719e-05,0,0,1,0.00282,1.5,0.00282,0
0.06263,-3.2812e-05,0,0,1,0.00283,1.5,0.00283,0
0.062635,-3.2904e-05,0,0,1,0.00284,1.5,0.00284,0
0.06264,-3.2997e-05,0,0,1,0.00285,1.5,0.00285,0
0.062645,-3.309e-05,0,0,1,0.00286,1.5,0.00286,0
0.062651,-3.3182e-05,0,0,1,0.00287,1.5,0.00287,0
0.062656,-3.3275e-05,0,0,1,0.00288,1.5,0.00288,0
0.062661,-3.3367e-05,0,0,1,0.00289,1.5,0.00289,0
0.062666,-3.346e-05,0,0,1,0.0029,1.5,0.0029,0
0.062671,-3.3553e-05,0,0,1,0.00291,1.5,0.00291,0
0.062676,-3.3645e-05,0,0,1,0.00292,1.5,0.00292,0
0.062681,-3.3738e-05,0,0,1,0.00293,1.5,0.00293,0
0.062686,-3.3831e-05,0,0,1,0.00294,1.5,0.00294,0
0.062691,-3.3923e-05,0,0,1,0.00295,1.5,0.00295,0
0.062696,-3.4016e-05,0,0,1,0.00296,1.5,0.00296,0
0.062701,-3.4109e-05,0,0,1,0.00297,1.5,0.00297,0
0.062706,-3.4201e-05,0,0,1,0.00298,1.5,0.00298,0
0.062711,-3.4294e-05,0,0,1,0.00299,1.5,0.00299,0
0.062716,-3.4387e-05,0,0,1,0.003,1.5,0.003,0
0.062719,-3.4469e-05,0,5.0827e-19,1,0.00301,1.5,0.00301,0
0.062722,-3.4552e-05,0,5.0831e-19,1,0.00302,1.5,0.00302,0
0.062725,-3.4634e-05,0,0,1,0.00303,1.5,0.00303,0
0.062728,-3.4717e-05,0,0,1,0.00304,1.5,0.00304,0
0.06273,-3.4799e-05,0,0,1,0.00305,1.5,0.00305,0
0.062733,-3.4882e-05,0,0,1,0.00306,1.5,0.00306,0
0.062736,-3.4965e-05,0,0,1,0.00307,1.5,0.00307,0
0.062739,-3.5047e-05,0,0,1,0.00308,1.5,0.00308,0
0.062742,-3.513e-05,0,0,1,0.00309,1.5,0.00309,0
0.062744,-3.5212e-05,0,0,1,0.0031,1.5,0.0031,0
0.062747,-3.5295e-05,0,0,1,0.00311,1.5,0.00311,0
0.06275,-3.5377e-05,0,0,1,0.00312,1.5,0.00312,0
0.062753,-3.546e-05,0,0,1,0.00313,1.5,0.00313,0
0.062756,-3.5542e-05,0,0,1,0.00314,1.5,0.00314,0
0.062758,-3.5625e-05,0,0,1,0.00315,1.5,0.00315,0
0.062761,-3.5708e-05,0,0,1,0.00316,1.5,0.00316,0
0.062764,-3.579e-05,0,0,1,0.00317,1.5,0.00317,0
0.062767,-3.5873e-05,0,0,1,0.00318,1.5,0.00318,0
0.06277,-3.5955e-05,0,0,1,0.00319,1.5,0.00319,0
0.062773,-3.6038e-05,0,0,1,0.0032,1.5,0.0032,0
0.062775,-3.612e-05,0,0,1,0.00321,1.5,0.00321,0
0.062778,-3.6203e-05,0,0,1,0.00322,1.5,0.00322,0
0.062781,-3.6285e-05,0,0,1,0.00323,1.5,0.00323,0
0.062784,-3.6368e-05,0,0,1,0.00324,1.5,0.00324,0
0.062787,-3.645e-05,0,0,1,0.00325,1.5,0.00325,0
0.062787,-3.6522e-05,0,5.0929e-19,1,0.00326,1.5,0.00326,0
0.062787,-3.6593e-05,0,5.0933e-19,1,0.00327,1.5,0.00327,0
0.062787,-3.6665e-05,0,0,1,0.00328,1.5,0.00328,0
0.062787,-3.6736e-05,0,0,1,0.00329,1.5,0.00329,0
0.062787,-3.6808e-05,0,0,1,0.0033,1.5,0.0033,0
0.062787,-3.6879e-05,0,0,1,0.00331,1.5,0.00331,0
0.062787,-3.6951e-05,0,0,1,0.00332,1.5,0.00332,0
0.062787,-3.7022e-05,0,0,1,0.00333,1.5,0.00333,0
0.062787,-3.7094e-05,0,0,1,0.00334,1.5,0.00334,0
0.062787,-3.7165e-05,0,0,1,0.00335,1.5,0.00335,0
0.062788,-3.7237e-05,0,0,1,0.00336,1.5,0.00336,0
0.062788,-3.7308e-05,0,0,1,0.00337,1.5,0.00337,0
0.062788,-3.738e-05,0,0,1,0.00338,1.5,0.00338,0
0.062788,-3.7451e-05,0,0,1,0.00339,1.5,0.00339,0
0.062788,-3.7523e-05,0,0,1,0.0034,1.5,0.0034,0
0.062788,-3.7594e-05,0,0,1,0.00341,1.5,0.00341,0
0.062788,-3.7666e-05,0,0,1,0.00342,1.5,0.00342,0
0.062788,-3.7737e-05,0,0,1,0.00343,1.5,0.00343,0
0.062788,-3.7809e-05,0,0,1,0.00344,1.5,0.00344,0
0.062788,-3.788e-05,0,0,1,0.00345,1.5,0.00345,0
0.062789,-3.7952e-05,0,0,1,0.00346,1.5,0.00346,0
0.062789,-3.8023e-05,0,0,1,0.00347,1.5,0.00347,0
0.062789,-3.8095e-05,0,0,1,0.00348,1.5,0.00348,0
0.062789,-3.8166e-05,0,0,1,0.00349,1.5,0.00349,0
0.062789,-3.8238e-05,0,0,1,0.0035,1.5,0.0035,0
0.062786,-3.8297e-05,0,0,1,0.00351,1.5,0.00351,0
0.062783,-3.8357e-05,0,0,1,0.00352,1.5,0.00352,0
0.06278,-3.8416e-05,0,0,1,0.00353,1.5,0.00353,0
0.062777,-3.8475e-05,0,-5.086e-19,1,0.00354,1.5,0.00354,0
0.062773,-3.8535e-05,0,0,1,0.00355,1.5,0.00355,0
0.06277,-3.8594e-05,0,0,1,0.00356,1.5,0.00356,0
0.062767,-3.8654e-05,0,0,1,0.00357,1.5,0.00357,0
0.062764,-3.8713e-05,0,0,1,0.00358,1.5,0.00358,0
0.062761,-3.8772e-05,0,0,1,0.00359,1.5,0.00359,0
0.062758,-3.8832e-05,0,0,1,0.0036,1.5,0.0036,0
0.062755,-3.8891e-05,0,0,1,0.00361,1.5,0.00361,0
0.062752,-3.895e-05,0,0,1,0.00362,1.5,0.00362,0
0.062749,-3.901e-05,0,0,1,0.00363,1.5,0.00363,0
0.062746,-3.9069e-05,0,0,1,0.00364,1.5,0.00364,0
0.062742,-3.9129e-05,0,0,1,0.00365,1.5,0.00365,0
0.062739,-3.9188e-05,0,0,1,0.00366,1.5,0.00366,0
0.062736,-3.9247e-05,0,0,1,0.00367,1.5,0.00367,0
0.062733,-3.9307e-05,0,0,1,0.00368,1.5,0.00368,0
0.06273,-3.9366e-05,0,0,1,0.00369,1.5,0.00369,0
0.062727,-3.9426e-05,0,0,1,0.0037,1.5,0.0037,0
0.062724,-3.9485e-05,0,0,1,0.00371,1.5,0.00371,0
0.062721,-3.9544e-05,0,0,1,0.00372,1.5,0.00372,0
0.062718,-3.9604e-05,0,0,1,0.00373,1.5,0.00373,0
0.062715,-3.9663e-05,0,0,1,0.00374,1.5,0.00374,0
0.062711,-3.9723e-05,0,0,1,0.00375,1.5,0.00375,0
0.062705,-3.9769e-05,0,0,1,0.00376,1.5,0.00376,0
0.062698,-3.9815e-05,0,-5.0963e-19,1,0.00377,1.5,0.00377,0
0.062691,-3.9861e-05,0,0,1,0.00378,1.5,0.00378,0
0.062684,-3.9907e-05,0,0,1,0.00379,1.5,0.00379,0
0.062677,-3.9954e-05,0,5.1169e-19,1,0.0038,1.5,0.0038,0
0.062671,-4e-05,0,0,1,0.00381,1.5,0.00381,0
0.062664,-4.0046e-05,0,0,1,0.00382,1.5,0.00382,0
0.062657,-4.0092e-05,0,0,1,0.00383,1.5,0.00383,0
0.06265,-4.0138e-05,0,0,1,0.00384,1.5,0.00384,0
0.062643,-4.0185e-05,0,0,1,0.00385,1.5,0.00385,0
0.062636,-4.0231e-05,0,0,1,0.00386,1.5,0.00386,0
0.06263,-4.0277e-05,0,0,1,0.00387,1.5,0.00387,0
0.062623,-4.0323e-05,0,0,1,0.00388,1.5,0.00388,0
0.062616,-4.037e-05,0,0,1,0.00389,1.5,0.00389,0
0.062609,-4.0416e-05,0,0,1,0.0039,1.5,0.0039,0
0.062602,-4.0462e-05,0,0,1,0.00391,1.5,0.00391,0
0.062596,-4.0508e-05,0,0,1,0.00392,1.5,0.00392,0
0.062589,-4.0554e-05,0,0,1,0.00393,1.5,0.00393,0
0.062582,-4.0601e-05,0,0,1,0.00394,1.5,0.00394,0
0.062575,-4.0647e-05,0,0,1,0.00395,1.5,0.00395,0
0.062568,-4.0693e-05,0,0,1,0.00396,1.5,0.00396,0
0.062562,-4.0739e-05,0,0,1,0.00397,1.5,0.00397,0
0.062555,-4.0785e-05,0,0,1,0.00398,1.5,0.00398,0
0.062548,-4.0832e-05,0,0,1,0.00399,1.5,0.00399,0
0.062541,-4.0878e-05,0,0,1,0.004,1.5,0.004,0
0.06253,-4.091e-05,0,0,1,0.00401,1.5,0.00401,0
0.062519,-4.0942e-05,0,0,1,0.00402,1.5,0.00402,0
0.062508,-4.0974e-05,0,0,1,0.00403,1.5,0.00403,0
0.062497,-4.1006e-05,0,0,1,0.00404,1.5,0.00404,0
0.062486,-4.1037e-05,0,0,1,0.00405,1.5,0.00405,0
0.062475,-4.1069e-05,0,0,1,0.00406,1.5,0.00406,0
0.062464,-4.1101e-05,0,0,1,0.00407,1.5,0.00407,0
0.062453,-4.1133e-05,0,-5.1108e-19,1,0.00408,1.5,0.00408,0
0.062442,-4.1165e-05,0,0,1,0.00409,1.5,0.00409,0
0.062431,-4.1197e-05,0,0,1,0.0041,1.5,0.0041,0
0.062419,-4.1229e-05,0,0,1,0.00411,1.5,0.00411,0
0.062408,-4.1261e-05,0,0,1,0.00412,1.5,0.00412,0
0.062397,-4.1293e-05,0,0,1,0.00413,1.5,0.00413,0
0.062386,-4.1325e-05,0,0,1,0.00414,1.5,0.00414,0
0.062375,-4.1357e-05,0,0,1,0.00415,1.5,0.00415,0
0.062364,-4.1389e-05,0,0,1,0.00416,1.5,0.00416,0
0.062353,-4.142e-05,0,0,1,0.00417,1.5,0.00417,0
0.062342,-4.1452e-05,0,0,1,0.00418,1.5,0.00418,0
0.062331,-4.1484e-05,0,0,1,0.00419,1.5,0.00419,0
0.06232,-4.1516e-05,0,0,1,0.0042,1.5,0.0042,0
0.062309,-4.1548e-05,0,0,1,0.00421,1.5,0.00421,0
0.062298,-4.158e-05,0,0,1,0.00422,1.5,0.00422,0
0.062287,-4.1612e-05,0,0,1,0.00423,1.5,0.00423,0
0.062276,-4.1644e-05,0,0,1,0.00424,1.5,0.00424,0
0.062265,-4.1676e-05,0,0,1,0.00425,1.5,0.00425,0
0.062249,-4.1692e-05,0,0,1,0.00426,1.5,0.00426,0
0.062233,-4.1709e-05,0,0,1,0.00427,1.5,0.00427,0
0.062217,-4.1725e-05,0,0,1,0.00428,1.5,0.00428,0
0.062201,-4.1742e-05,0,0,1,0.00429,1.5,0.00429,0
0.062185,-4.1758e-05,0,0,1,0.0043,1.5,0.0043,0
0.062169,-4.1775e-05,0,5.141e-19,1,0.00431,1.5,0.00431,0
0.062153,-4.1792e-05,0,0,1,0.00432,1.5,0.00432,0
0.062138,-4.1808e-05,0,0,1,0.00433,1.5,0.00433,0
0.062122,-4.1825e-05,0,0,1,0.00434,1.5,0.00434,0
0.062106,-4.1841e-05,0,0,1,0.00435,1.5,0.00435,0
0.06209,-4.1858e-05,0,0,1,0.00436,1.5,0.00436,0
0.062074,-4.1874e-05,0,0,1,0.00437,1.5,0.00437,0
0.062058,-4.1891e-05,0,0,1,0.00438,1.5,0.00438,0
0.062042,-4.1907e-05,0,0,1,0.00439,1.5,0.00439,0
0.062026,-4.1924e-05,0,0,1,0.0044,1.5,0.0044,0
0.062011,-4.194e-05,0,0,1,0.00441,1.5,0.00441,0
0.061995,-4.1957e-05,0,0,1,0.00442,1.5,0.00442,0
0.061979,-4.1973e-05,0,0,1,0.00443,1.5,0.00443,0
0.061963,-4.199e-05,0,0,1,0.00444,1.5,0.00444,0
0.061947,-4.2007e-05,0,0,1,0.00445,1.5,0.00445,0
0.061931,-4.2023e-05,0,0,1,0.00446,1.5,0.00446,0
0.061915,-4.204e-05,0,0,1,0.00447,1.5,0.00447,0
0.061899,-4.2056e-05,0,0,1,0.00448,1.5,0.00448,0
0.061883,-4.2073e-05,0,0,1,0.00449,1.5,0.00449,0
0.061868,-4.2089e-05,0,0,1,0.0045,1.5,0.0045,0
0.061846,-4.2089e-05,0,0,1,0.00451,1.5,0.00451,0
0.061825,-4.209e-05,0,0,1,0.00452,1.5,0.00452,0
0.061804,-4.209e-05,0,0,1,0.00453,1.5,0.00453,0
0.061782,-4.209e-05,0,0,1,0.00454,1.5,0.00454,0
0.061761,-4.209e-05,0,0,1,0.00455,1.5,0.00455,0
0.06174,-4.209e-05,0,0,1,0.00456,1.5,0.00456,0
0.061718,-4.209e-05,0,0,1,0.00457,1.5,0.00457,0
0.061697,-4.2091e-05,0,0,1,0.00458,1.5,0.00458,0
0.061676,-4.2091e-05,0,0,1,0.00459,1.5,0.00459,0
0.061654,-4.2091e-05,0,0,1,0.0046,1.5,0.0046,0
0.061633,-4.2091e-05,0,0,1,0.00461,1.5,0.00461,0
0.061612,-4.2091e-05,0,0,1,0.00462,1.5,0.00462,0
0.061591,-4.2092e-05,0,0,1,0.00463,1.5,0.00463,0
0.061569,-4.2092e-05,0,0,1,0.00464,1.5,0.00464,0
0.061548,-4.2092e-05,0,0,1,0.00465,1.5,0.00465,0
0.061527,-4.2092e-05,0,0,1,0.00466,1.5,0.00466,0
0.061505,-4.2092e-05,0,0,1,0.00467,1.5,0.00467,0
0.061484,-4.2092e-05,0,0,1,0.00468,1.5,0.00468,0
0.061463,-4.2093e-05,0,0,1,0.00469,1.5,0.00469,0
0.061441,-4.2093e-05,0,0,1,0.0047,1.5,0.0047,0
0.06142,-4.2093e-05,0,0,1,0.00471,1.5,0.00471,0
0.061399,-4.2093e-05,0,0,1,0.00472,1.5,0.00472,0
0.061377,-4.2093e-05,0,0,1,0.00473,1.5,0.00473,0
0.061356,-4.2093e-05,0,0,1,0.00474,1.5,0.00474,0
0.061335,-4.2094e-05,0,0,1,0.00475,1.5,0.00475,0
0.061307,-4.2077e-05,0,0,1,0.00476,1.5,0.00476,0
0.06128,-4.206e-05,0,0,1,0.00477,1.5,0.00477,0
0.061253,-4.2043e-05,0,0,1,0.00478,1.5,0.00478,0
0.061225,-4.2026e-05,0,0,1,0.00479,1.5,0.00479,0
0.061198,-4.2009e-05,0,0,1,0.0048,1.5,0.0048,0
0.061171,-4.1992e-05,0,0,1,0.00481,1.5,0.00481,0
0.061143,-4.1975e-05,0,0,1,0.00482,1.5,0.00482,0
0.061116,-4.1958e-05,0,0,1,0.00483,1.5,0.00483,0
0.061089,-4.1941e-05,0,0,1,0.00484,1.5,0.00484,0
0.061061,-4.1924e-05,0,0,1,0.00485,1.5,0.00485,0
0.061034,-4.1907e-05,0,0,1,0.00486,1.5,0.00486,0
0.061007,-4.189e-05,0,0,1,0.00487,1.5,0.00487,0
0.060979,-4.1873e-05,0,0,1,0.00488,1.5,0.00488,0
0.060952,-4.1856e-05,0,0,1,0.00489,1.5,0.00489,0
0.060925,-4.1838e-05,0,0,1,0.0049,1.5,0.0049,0
0.060897,-4.1821e-05,0,0,1,0.00491,1.5,0.00491,0
0.06087,-4.1804e-05,0,0,1,0.00492,1.5,0.00492,0
0.060843,-4.1787e-05,0,0,1,0.00493,1.5,0.00493,0
0.060815,-4.177e-05,0,0,1,0.00494,1.5,0.00494,0
0.060788,-4.1753e-05,0,0,1,0.00495,1.5,0.00495,0
0.060761,-4.1736e-05,0,0,1,0.00496,1.5,0.00496,0
0.060733,-4.1719e-05,0,0,1,0.00497,1.5,0.00497,0
0.060706,-4.1702e-05,0,0,1,0.00498,1.5,0.00498,0
0.060678,-4.1685e-05,0,0,1,0.00499,1.5,0.00499,0
0.060651,-4.1668e-05,0,0,1,0.005,1.5,0.005,0
0.060617,-4.1634e-05,0,0,1,0.00501,1.5,0.00501,0
0.060583,-4.1599e-05,0,0,1,0.00502,1.5,0.00502,0
0.060549,-4.1564e-05,0,0,1,0.00503,1.5,0.00503,0
0.060515,-4.1529e-05,0,0,1,0.00504,1.5,0.00504,0
0.060481,-4.1495e-05,0,0,1,0.00505,1.5,0.00505,0
0.060447,-4.146e-05,0,0,1,0.00506,1.5,0.00506,0
0.060413,-4.1425e-05,0,0,1,0.00507,1.5,0.00507,0
0.060379,-4.139e-05,0,0,1,0.00508,1.5,0.00508,0
0.060345,-4.1355e-05,0,0,1,0.00509,1.5,0.00509,0
0.060311,-4.1321e-05,0,0,1,0.0051,1.5,0.0051,0
0.060277,-4.1286e-05,0,0,1,0.00511,1.5,0.00511,0
0.060243,-4.1251e-05,0,0,1,0.00512,1.5,0.00512,0
0.060209,-4.1216e-05,0,0,1,0.00513,1.5,0.00513,0
0.060175,-4.1182e-05,0,0,1,0.00514,1.5,0.00514,0
0.060141,-4.1147e-05,0,0,1,0.00515,1.5,0.00515,0
0.060107,-4.1112e-05,0,0,1,0.00516,1.5,0.00516,0
0.060073,-4.1077e-05,0,0,1,0.00517,1.5,0.00517,0
0.060039,-4.1043e-05,0,0,1,0.00518,1.5,0.00518,0
0.060005,-4.1008e-05,0,0,1,0.00519,1.5,0.00519,0
0.059971,-4.0973e-05,0,0,1,0.0052,1.5,0.0052,0
0.059937,-4.0938e-05,0,0,1,0.00521,1.5,0.00521,0
0.059903,-4.0904e-05,0,0,1,0.00522,1.5,0.00522,0
0.059869,-4.0869e-05,0,0,1,0.00523,1.5,0.00523,0
0.059835,-4.0834e-05,0,0,1,0.00524,1.5,0.00524,0
0.059801,-4.0799e-05,0,0,1,0.00525,1.5,0.00525,0
0.059759,-4.0746e-05,0,0,1,0.00526,1.5,0.00526,0
0.059718,-4.0694e-05,0,0,1,0.00527,1.5,0.00527,0
0.059677,-4.0641e-05,0,0,1,0.00528,1.5,0.00528,0
0.059635,-4.0588e-05,0,0,1,0.00529,1.5,0.00529,0
0.059594,-4.0535e-05,0,0,1,0.0053,1.5,0.0053,0
0.059553,-4.0483e-05,0,0,1,0.00531,1.5,0.00531,0
0.059511,-4.043e-05,0,0,1,0.00532,1.5,0.00532,0
0.05947,-4.0377e-05,0,0,1,0.00533,1.5,0.00533,0
0.059429,-4.0325e-05,0,0,1,0.00534,1.5,0.00534,0
0.059387,-4.0272e-05,0,0,1,0.00535,1.5,0.00535,0
0.059346,-4.0219e-05,0,0,1,0.00536,1.5,0.00536,0
0.059305,-4.0166e-05,0,0,1,0.00537,1.5,0.00537,0
0.059263,-4.0114e-05,0,0,1,0.00538,1.5,0.00538,0
0.059222,-4.0061e-05,0,0,1,0.00539,1.5,0.00539,0
0.059181,-4.0008e-05,0,0,1,0.0054,1.5,0.0054,0
0.059139,-3.9955e-05,0,0,1,0.00541,1.5,0.00541,0
0.059098,-3.9903e-05,0,0,1,0.00542,1.5,0.00542,0
0.059057,-3.985e-05,0,0,1,0.00543,1.5,0.00543,0
0.059015,-3.9797e-05,0,0,1,0.00544,1.5,0.00544,0
0.058974,-3.9744e-05,0,0,1,0.00545,1.5,0.00545,0
0.058933,-3.9692e-05,0,0,1,0.00546,1.5,0.00546,0
0.058891,-3.9639e-05,0,0,1,0.00547,1.5,0.00547,0
0.05885,-3.9586e-05,0,0,1,0.00548,1.5,0.00548,0
0.058809,-3.9533e-05,0,0,1,0.00549,1.5,0.00549,0
0.058767,-3.9481e-05,0,0,1,0.0055,1.5,0.0055,0
0.058718,-3.941e-05,0,0,1,0.00551,1.5,0.00551,0
0.058669,-3.934e-05,0,0,1,0.00552,1.5,0.00552,0
0.05862,-3.9269e-05,0,0,1,0.00553,1.5,0.00553,0
0.05857,-3.9199e-05,0,0,1,0.00554,1.5,0.00554,0
0.058521,-3.9128e-05,0,0,1,0.00555,1.5,0.00555,0
0.058472,-3.9058e-05,0,0,1,0.00556,1.5,0.00556,0
0.058423,-3.8987e-05,0,0,1,0.00557,1.5,0.00557,0
0.058373,-3.8917e-05,0,-5.1801e-19,1,0.00558,1.5,0.00558,0
0.058324,-3.8846e-05,0,0,1,0.00559,1.5,0.00559,0
0.058275,-3.8776e-05,0,0,1,0.0056,1.5,0.0056,0
0.058226,-3.8705e-05,0,0,1,0.00561,1.5,0.00561,0
0.058176,-3.8635e-05,0,0,1,0.00562,1.5,0.00562,0
0.058127,-3.8564e-05,0,0,1,0.00563,1.5,0.00563,0
0.058078,-3.8494e-05,0,0,1,0.00564,1.5,0.00564,0
0.058029,-3.8423e-05,0,0,1,0.00565,1.5,0.00565,0
0.057979,-3.8353e-05,0,0,1,0.00566,1.5,0.00566,0
0.05793,-3.8282e-05,0,0,1,0.00567,1.5,0.00567,0
0.057881,-3.8212e-05,0,0,1,0.00568,1.5,0.00568,0
0.057832,-3.8141e-05,0,0,1,0.00569,1.5,0.00569,0
0.057782,-3.8071e-05,0,0,1,0.0057,1.5,0.0057,0
0.057733,-3.8e-05,0,0,1,0.00571,1.5,0.00571,0
0.057684,-3.793e-05,0,0,1,0.00572,1.5,0.00572,0
0.057635,-3.7859e-05,0,0,1,0.00573,1.5,0.00573,0
0.057585,-3.7789e-05,0,0,1,0.00574,1.5,0.00574,0
0.057536,-3.7718e-05,0,0,1,0.00575,1.5,0.00575,0
0.057478,-3.7631e-05,0,0,1,0.00576,1.5,0.00576,0
0.057421,-3.7543e-05,0,0,1,0.00577,1.5,0.00577,0
0.057363,-3.7456e-05,0,0,1,0.00578,1.5,0.00578,0
0.057305,-3.7369e-05,0,0,1,0.00579,1.5,0.00579,0
0.057247,-3.7281e-05,0,0,1,0.0058,1.5,0.0058,0
0.057189,-3.7194e-05,0,0,1,0.00581,1.5,0.00581,0
0.057132,-3.7106e-05,0,0,1,0.00582,1.5,0.00582,0
0.057074,-3.7019e-05,0,-5.1902e-19,1,0.00583,1.5,0.00583,0
0.057016,-3.6931e-05,0,0,1,0.00584,1.5,0.00584,0
0.056958,-3.6844e-05,0,0,1,0.00585,1.5,0.00585,0
0.056901,-3.6756e-05,0,0,1,0.00586,1.5,0.00586,0
0.056843,-3.6669e-05,0,0,1,0.00587,1.5,0.00587,0
0.056785,-3.6581e-05,0,0,1,0.00588,1.5,0.00588,0
0.056727,-3.6494e-05,0,0,1,0.00589,1.5,0.00589,0
0.05667,-3.6406e-05,0,0,1,0.0059,1.5,0.0059,0
0.056612,-3.6319e-05,0,0,1,0.00591,1.5,0.00591,0
0.056554,-3.6231e-05,0,0,1,0.00592,1.5,0.00592,0
0.056496,-3.6144e-05,0,0,1,0.00593,1.5,0.00593,0
0.056439,-3.6056e-05,0,0,1,0.00594,1.5,0.00594,0
0.056381,-3.5969e-05,0,0,1,0.00595,1.5,0.00595,0
0.056323,-3.5881e-05,0,0,1,0.00596,1.5,0.00596,0
0.056265,-3.5794e-05,0,0,1,0.00597,1.5,0.00597,0
0.056207,-3.5706e-05,0,0,1,0.00598,1.5,0.00598,0
0.05615,-3.5619e-05,0,0,1,0.00599,1.5,0.00599,0
0.056092,-3.5531e-05,0,0,1,0.006,1.5,0.006,0
0.056025,-3.5428e-05,0,0,1,0.00601,1.5,0.00601,0
0.055958,-3.5325e-05,0,0,1,0.00602,1.5,0.00602,0
0.055891,-3.5222e-05,0,0,1,0.00603,1.5,0.00603,0
0.055825,-3.5119e-05,0,0,1,0.00604,1.5,0.00604,0
0.055758,-3.5016e-05,0,0,1,0.00605,1.5,0.00605,0
0.055691,-3.4913e-05,0,0,1,0.00606,1.5,0.00606,0
0.055624,-3.481e-05,0,0,1,0.00607,1.5,0.00607,0
0.055557,-3.4706e-05,0,-5.1994e-19,1,0.00608,1.5,0.00608,0
0.055491,-3.4603e-05,0,0,1,0.00609,1.5,0.00609,0
0.055424,-3.45e-05,0,0,1,0.0061,1.5,0.0061,0
0.055357,-3.4397e-05,0,0,1,0.00611,1.5,0.00611,0
0.05529,-3.4294e-05,0,0,1,0.00612,1.5,0.00612,0
0.055223,-3.4191e-05,0,0,1,0.00613,1.5,0.00613,0
0.055156,-3.4088e-05,0,0,1,0.00614,1.5,0.00614,0
0.05509,-3.3985e-05,0,0,1,0.00615,1.5,0.00615,0
0.055023,-3.3881e-05,0,0,1,0.00616,1.5,0.00616,0
0.054956,-3.3778e-05,0,0,1,0.00617,1.5,0.00617,0
0.054889,-3.3675e-05,0,0,1,0.00618,1.5,0.00618,0
0.054822,-3.3572e-05,0,0,1,0.00619,1.5,0.00619,0
0.054755,-3.3469e-05,0,0,1,0.0062,1.5,0.0062,0
0.054689,-3.3366e-05,0,0,1,0.00621,1.5,0.00621,0
0.054622,-3.3263e-05,0,0,1,0.00622,1.5,0.00622,0
0.054555,-3.316e-05,0,0,1,0.00623,1.5,0.00623,0
0.054488,-3.3057e-05,0,0,1,0.00624,1.5,0.00624,0
0.054421,-3.2953e-05,0,0,1,0.00625,1.5,0.00625,0
0.054345,-3.2837e-05,0,0,1,0.00626,1.5,0.00626,0
0.054269,-3.272e-05,0,0,1,0.00627,1.5,0.00627,0
0.054192,-3.2603e-05,0,0,1,0.00628,1.5,0.00628,0
0.054116,-3.2486e-05,0,0,1,0.00629,1.5,0.00629,0
0.05404,-3.237e-05,0,0,1,0.0063,1.5,0.0063,0
0.053963,-3.2253e-05,0,0,1,0.00631,1.5,0.00631,0
0.053887,-3.2136e-05,0,0,1,0.00632,1.5,0.00632,0
0.05381,-3.2019e-05,0,-5.2077e-19,1,0.00633,1.5,0.00633,0
0.053734,-3.1903e-05,0,0,1,0.00634,1.5,0.00634,0
0.053658,-3.1786e-05,0,0,1,0.00635,1.5,0.00635,0
0.053581,-3.1669e-05,0,0,1,0.00636,1.5,0.00636,0
0.053505,-3.1552e-05,0,0,1,0.00637,1.5,0.00637,0
0.053429,-3.1436e-05,0,0,1,0.00638,1.5,0.00638,0
0.053352,-3.1319e-05,0,0,1,0.00639,1.5,0.00639,0
0.053276,-3.1202e-05,0,0,1,0.0064,1.5,0.0064,0
0.0532,-3.1085e-05,0,0,1,0.00641,1.5,0.00641,0
0.053123,-3.0969e-05,0,0,1,0.00642,1.5,0.00642,0
0.053047,-3.0852e-05,0,0,1,0.00643,1.5,0.00643,0
0.05297,-3.0735e-05,0,0,1,0.00644,1.5,0.00644,0
0.052894,-3.0618e-05,0,0,1,0.00645,1.5,0.00645,0
0.052818,-3.0502e-05,0,0,1,0.00646,1.5,0.00646,0
0.052741,-3.0385e-05,0,0,1,0.00647,1.5,0.00647,0
0.052665,-3.0268e-05,0,0,1,0.00648,1.5,0.00648,0
0.052589,-3.0151e-05,0,0,1,0.00649,1.5,0.00649,0
0.052512,-3.0035e-05,0,0,1,0.0065,1.5,0.0065,0
0.052426,-2.9907e-05,0,0,1,0.00651,1.5,0.00651,0
0.05234,-2.9779e-05,0,0,1,0.00652,1.5,0.00652,0
0.052253,-2.9651e-05,0,0,1,0.00653,1.5,0.00653,0
0.052167,-2.9524e-05,0,0,1,0.00654,1.5,0.00654,0
0.052081,-2.9396e-05,0,0,1,0.00655,1.5,0.00655,0
0.051994,-2.9268e-05,0,0,1,0.00656,1.5,0.00656,0
0.051908,-2.914e-05,0,0,1,0.00657,1.5,0.00657,0
0.051822,-2.9013e-05,0,-5.215e-19,1,0.00658,1.5,0.00658,0
0.051736,-2.8885e-05,0,0,1,0.00659,1.5,0.00659,0
0.051649,-2.8757e-05,0,0,1,0.0066,1.5,0.0066,0
0.051563,-2.863e-05,0,0,1,0.00661,1.5,0.00661,0
0.051477,-2.8502e-05,0,0,1,0.00662,1.5,0.00662,0
0.05139,-2.8374e-05,0,0,1,0.00663,1.5,0.00663,0
0.051304,-2.8246e-05,0,0,1,0.00664,1.5,0.00664,0
0.051218,-2.8119e-05,0,0,1,0.00665,1.5,0.00665,0
0.051131,-2.7991e-05,0,0,1,0.00666,1.5,0.00666,0
0.051045,-2.7863e-05,0,0,1,0.00667,1.5,0.00667,0
0.050959,-2.7735e-05,0,0,1,0.00668,1.5,0.00668,0
0.050873,-2.7608e-05,0,0,1,0.00669,1.5,0.00669,0
0.050786,-2.748e-05,0,0,1,0.0067,1.5,0.0067,0
0.0507,-2.7352e-05,0,0,1,0.00671,1.5,0.00671,0
0.050614,-2.7224e-05,0,0,1,0.00672,1.5,0.00672,0
0.050527,-2.7097e-05,0,0,1,0.00673,1.5,0.00673,0
0.050441,-2.6969e-05,0,0,1,0.00674,1.5,0.00674,0
0.050355,-2.6841e-05,0,0,1,0.00675,1.5,0.00675,0
0.050258,-2.6706e-05,0,0,1,0.00676,1.5,0.00676,0
0.050162,-2.657e-05,0,0,1,0.00677,1.5,0.00677,0
0.050065,-2.6435e-05,0,0,1,0.00678,1.5,0.00678,0
0.049969,-2.63e-05,0,0,1,0.00679,1.5,0.00679,0
0.049872,-2.6164e-05,0,0,1,0.0068,1.5,0.0068,0
0.049776,-2.6029e-05,0,0,1,0.00681,1.5,0.00681,0
0.049679,-2.5893e-05,0,0,1,0.00682,1.5,0.00682,0
0.049582,-2.5758e-05,0,-5.2213e-19,1,0.00683,1.5,0.00683,0
0.049486,-2.5623e-05,0,0,1,0.00684,1.5,0.00684,0
0.049389,-2.5487e-05,0,0,1,0.00685,1.5,0.00685,0
0.049293,-2.5352e-05,0,0,1,0.00686,1.5,0.00686,0
0.049196,-2.5216e-05,0,0,1,0.00687,1.5,0.00687,0
0.0491,-2.5081e-05,0,0,1,0.00688,1.5,0.00688,0
0.049003,-2.4945e-05,0,0,1,0.00689,1.5,0.00689,0
0.048907,-2.481e-05,0,0,1,0.0069,1.5,0.0069,0
0.04881,-2.4675e-05,0,0,1,0.00691,1.5,0.00691,0
0.048714,-2.4539e-05,0,0,1,0.00692,1.5,0.00692,0
0.048617,-2.4404e-05,0,0,1,0.00693,1.5,0.00693,0
0.048521,-2.4268e-05,0,0,1,0.00694,1.5,0.00694,0
0.048424,-2.4133e-05,0,0,1,0.00695,1.5,0.00695,0
0.048327,-2.3997e-05,0,0,1,0.00696,1.5,0.00696,0
0.048231,-2.3862e-05,0,0,1,0.00697,1.5,0.00697,0
0.048134,-2.3727e-05,0,0,1,0.00698,1.5,0.00698,0
0.048038,-2.3591e-05,0,0,1,0.00699,1.5,0.00699,0
0.047941,-2.3456e-05,0,0,1,0.007,1.5,0.007,0
0.047834,-2.3316e-05,0,0,1,0.00701,1.5,0.00701,0
0.047727,-2.3177e-05,0,0,1,0.00702,1.5,0.00702,0
0.04762,-2.3038e-05,0,0,1,0.00703,1.5,0.00703,0
0.047513,-2.2899e-05,0,0,1,0.00704,1.5,0.00704,0
0.047406,-2.2759e-05,0,0,1,0.00705,1.5,0.00705,0
0.0473,-2.262e-05,0,5.2457e-19,1,0.00706,1.5,0.00706,0
0.047193,-2.2481e-05,0,0,1,0.00707,1.5,0.00707,0
0.047086,-2.2341e-05,0,0,1,0.00708,1.5,0.00708,0
0.046979,-2.2202e-05,0,0,1,0.00709,1.5,0.00709,0
0.046872,-2.2063e-05,0,0,1,0.0071,1.5,0.0071,0
0.046765,-2.1924e-05,0,0,1,0.00711,1.5,0.00711,0
0.046658,-2.1784e-05,0,0,1,0.00712,1.5,0.00712,0
0.046551,-2.1645e-05,0,0,1,0.00713,1.5,0.00713,0
0.046444,-2.1506e-05,0,0,1,0.00714,1.5,0.00714,0
0.046337,-2.1366e-05,0,0,1,0.00715,1.5,0.00715,0
0.04623,-2.1227e-05,0,0,1,0.00716,1.5,0.00716,0
0.046123,-2.1088e-05,0,0,1,0.00717,1.5,0.00717,0
0.046016,-2.0949e-05,0,0,1,0.00718,1.5,0.00718,0
0.045909,-2.0809e-05,0,0,1,0.00719,1.5,0.00719,0
0.045802,-2.067e-05,0,0,1,0.0072,1.5,0.0072,0
0.045695,-2.0531e-05,0,0,1,0.00721,1.5,0.00721,0
0.045588,-2.0391e-05,0,0,1,0.00722,1.5,0.00722,0
0.045481,-2.0252e-05,0,0,1,0.00723,1.5,0.00723,0
0.045374,-2.0113e-05,0,0,1,0.00724,1.5,0.00724,0
0.045267,-1.9974e-05,0,0,1,0.00725,1.5,0.00725,0
0.04515,-1.9835e-05,0,0,1,0.00726,1.5,0.00726,0
0.045032,-1.9696e-05,0,0,1,0.00727,1.5,0.00727,0
0.044915,-1.9557e-05,0,0,1,0.00728,1.5,0.00728,0
0.044797,-1.9418e-05,0,0,1,0.00729,1.5,0.00729,0
0.04468,-1.9279e-05,0,0,1,0.0073,1.5,0.0073,0
0.044562,-1.914e-05,0,0,1,0.00731,1.5,0.00731,0
0.044445,-1.9001e-05,0,0,1,0.00732,1.5,0.00732,0
0.044327,-1.8862e-05,0,0,1,0.00733,1.5,0.00733,0
0.04421,-1.8723e-05,0,0,1,0.00734,1.5,0.00734,0
0.044092,-1.8585e-05,0,0,1,0.00735,1.5,0.00735,0
0.043975,-1.8446e-05,0,0,1,0.00736,1.5,0.00736,0
0.043858,-1.8307e-05,0,0,1,0.00737,1.5,0.00737,0
0.04374,-1.8168e-05,0,0,1,0.00738,1.5,0.00738,0
0.043623,-1.8029e-05,0,0,1,0.00739,1.5,0.00739,0
0.043505,-1.789e-05,0,0,1,0.0074,1.5,0.0074,0
0.043388,-1.7751e-05,0,0,1,0.00741,1.5,0.00741,0
0.04327,-1.7612e-05,0,0,1,0.00742,1.5,0.00742,0
0.043153,-1.7473e-05,0,0,1,0.00743,1.5,0.00743,0
0.043035,-1.7334e-05,0,0,1,0.00744,1.5,0.00744,0
0.042918,-1.7195e-05,0,0,1,0.00745,1.5,0.00745,0
0.0428,-1.7056e-05,0,0,1,0.00746,1.5,0.00746,0
0.042683,-1.6918e-05,0,0,1,0.00747,1.5,0.00747,0
0.042565,-1.6779e-05,0,0,1,0.00748,1.5,0.00748,0
0.042448,-1.664e-05,0,0,1,0.00749,1.5,0.00749,0
0.04233,-1.6501e-05,0,0,1,0.0075,1.5,0.0075,0
0.042203,-1.6367e-05,0,0,1,0.00751,1.5,0.00751,0
0.042075,-1.6233e-05,0,0,1,0.00752,1.5,0.00752,0
0.041947,-1.6099e-05,0,0,1,0.00753,1.5,0.00753,0
0.041819,-1.5964e-05,0,0,1,0.00754,1.5,0.00754,0
0.041691,-1.583e-05,0,0,1,0.00755,1.5,0.00755,0
0.041563,-1.5696e-05,0,0,1,0.00756,1.5,0.00756,0
0.041435,-1.5562e-05,0,0,1,0.00757,1.5,0.00757,0
0.041307,-1.5428e-05,0,0,1,0.00758,1.5,0.00758,0
0.041179,-1.5294e-05,0,0,1,0.00759,1.5,0.00759,0
0.041051,-1.516e-05,0,0,1,0.0076,1.5,0.0076,0
0.040923,-1.5026e-05,0,0,1,0.00761,1.5,0.00761,0
0.040795,-1.4892e-05,0,0,1,0.00762,1.5,0.00762,0
0.040668,-1.4758e-05,0,0,1,0.00763,1.5,0.00763,0
0.04054,-1.4624e-05,0,0,1,0.00764,1.5,0.00764,0
0.040412,-1.4489e-05,0,0,1,0.00765,1.5,0.00765,0
0.040284,-1.4355e-05,0,0,1,0.00766,1.5,0.00766,0
0.040156,-1.4221e-05,0,0,1,0.00767,1.5,0.00767,0
0.040028,-1.4087e-05,0,0,1,0.00768,1.5,0.00768,0
0.0399,-1.3953e-05,0,0,1,0.00769,1.5,0.00769,0
0.039772,-1.3819e-05,0,0,1,0.0077,1.5,0.0077,0
0.039644,-1.3685e-05,0,0,1,0.00771,1.5,0.00771,0
0.039516,-1.3551e-05,0,0,1,0.00772,1.5,0.00772,0
0.039388,-1.3417e-05,0,0,1,0.00773,1.5,0.00773,0
0.03926,-1.3283e-05,0,0,1,0.00774,1.5,0.00774,0
0.039133,-1.3149e-05,0,0,1,0.00775,1.5,0.00775,0
0.038994,-1.3024e-05,0,0,1,0.00776,1.5,0.00776,0
0.038856,-1.2899e-05,0,0,1,0.00777,1.5,0.00777,0
0.038718,-1.2774e-05,0,0,1,0.00778,1.5,0.00778,0
0.03858,-1.2649e-05,0,0,1,0.00779,1.5,0.00779,0
0.038442,-1.2524e-05,0,0,1,0.0078,1.5,0.0078,0
0.038303,-1.2399e-05,0,0,1,0.00781,1.5,0.00781,0
0.038165,-1.2274e-05,0,0,1,0.00782,1.5,0.00782,0
0.038027,-1.2149e-05,0,0,1,0.00783,1.5,0.00783,0
0.037889,-1.2025e-05,0,0,1,0.00784,1.5,0.00784,0
0.037751,-1.19e-05,0,0,1,0.00785,1.5,0.00785,0
0.037612,-1.1775e-05,0,0,1,0.00786,1.5,0.00786,0
0.037474,-1.165e-05,0,0,1,0.00787,1.5,0.00787,0
0.037336,-1.1525e-05,0,0,1,0.00788,1.5,0.00788,0
0.037198,-1.14e-05,0,0,1,0.00789,1.5,0.00789,0
0.03706,-1.1275e-05,0,0,1,0.0079,1.5,0.0079,0
0.036921,-1.115e-05,0,0,1,0.00791,1.5,0.00791,0
0.036783,-1.1026e-05,0,0,1,0.00792,1.5,0.00792,0
0.036645,-1.0901e-05,0,0,1,0.00793,1.5,0.00793,0
0.036507,-1.0776e-05,0,0,1,0.00794,1.5,0.00794,0
0.036369,-1.0651e-05,0,0,1,0.00795,1.5,0.00795,0
0.03623,-1.0526e-05,0,0,1,0.00796,1.5,0.00796,0
0.036092,-1.0401e-05,0,0,1,0.00797,1.5,0.00797,0
0.035954,-1.0276e-05,0,0,1,0.00798,1.5,0.00798,0
0.035816,-1.0151e-05,0,0,1,0.00799,1.5,0.00799,0
0.035678,-1.0027e-05,0,0,1,0.008,1.5,0.008,0
0.035529,-9.915e-06,0,0,1,0.00801,1.5,0.00801,0
0.035381,-9.8033e-06,0,0,1,0.00802,1.5,0.00802,0
0.035233,-9.6917e-06,0,0,1,0.00803,1.5,0.00803,0
0.035085,-9.5801e-06,0,0,1,0.00804,1.5,0.00804,0
0.034937,-9.4685e-06,0,5.2568e-19,1,0.00805,1.5,0.00805,0
0.034788,-9.3568e-06,0,5.2568e-19,1,0.00806,1.5,0.00806,0
0.03464,-9.2452e-06,0,0,1,0.00807,1.5,0.00807,0
0.034492,-9.1336e-06,0,0,1,0.00808,1.5,0.00808,0
0.034344,-9.022e-06,0,0,1,0.00809,1.5,0.00809,0
0.034196,-8.9103e-06,0,0,1,0.0081,1.5,0.0081,0
0.034047,-8.7987e-06,0,0,1,0.00811,1.5,0.00811,0
0.033899,-8.6871e-06,0,0,1,0.00812,1.5,0.00812,0
0.033751,-8.5755e-06,0,0,1,0.00813,1.5,0.00813,0
0.033603,-8.4639e-06,0,0,1,0.00814,1.5,0.00814,0
0.033454,-8.3522e-06,0,0,1,0.00815,1.5,0.00815,0
0.033306,-8.2406e-06,0,0,1,0.00816,1.5,0.00816,0
0.033158,-8.129e-06,0,0,1,0.00817,1.5,0.00817,0
0.03301,-8.0174e-06,0,0,1,0.00818,1.5,0.00818,0
0.032862,-7.9057e-06,0,0,1,0.00819,1.5,0.00819,0
0.032713,-7.7941e-06,0,0,1,0.0082,1.5,0.0082,0
0.032565,-7.6825e-06,0,0,1,0.00821,1.5,0.00821,0
0.032417,-7.5709e-06,0,0,1,0.00822,1.5,0.00822,0
0.032269,-7.4592e-06,0,0,1,0.00823,1.5,0.00823,0
0.032121,-7.3476e-06,0,0,1,0.00824,1.5,0.00824,0
0.031972,-7.236e-06,0,0,1,0.00825,1.5,0.00825,0
0.031815,-7.141e-06,0,0,1,0.00826,1.5,0.00826,0
0.031657,-7.0459e-06,0,0,1,0.00827,1.5,0.00827,0
0.031499,-6.9509e-06,0,0,1,0.00828,1.5,0.00828,0
0.031341,-6.8559e-06,0,0,1,0.00829,1.5,0.00829,0
0.031183,-6.7609e-06,0,0,1,0.0083,1.5,0.0083,0
0.031025,-6.6658e-06,0,0,1,0.00831,1.5,0.00831,0
0.030868,-6.5708e-06,0,0,1,0.00832,1.5,0.00832,0
0.03071,-6.4758e-06,0,0,1,0.00833,1.5,0.00833,0
0.030552,-6.3808e-06,0,0,1,0.00834,1.5,0.00834,0
0.030394,-6.2857e-06,0,0,1,0.00835,1.5,0.00835,0
0.030236,-6.1907e-06,0,0,1,0.00836,1.5,0.00836,0
0.030078,-6.0957e-06,0,0,1,0.00837,1.5,0.00837,0
0.029921,-6.0007e-06,0,0,1,0.00838,1.5,0.00838,0
0.029763,-5.9056e-06,0,0,1,0.00839,1.5,0.00839,0
0.029605,-5.8106e-06,0,0,1,0.0084,1.5,0.0084,0
0.029447,-5.7156e-06,0,0,1,0.00841,1.5,0.00841,0
0.029289,-5.6205e-06,0,0,1,0.00842,1.5,0.00842,0
0.029131,-5.5255e-06,0,0,1,0.00843,1.5,0.00843,0
0.028974,-5.4305e-06,0,0,1,0.00844,1.5,0.00844,0
0.028816,-5.3355e-06,0,0,1,0.00845,1.5,0.00845,0
0.028658,-5.2404e-06,0,0,1,0.00846,1.5,0.00846,0
0.0285,-5.1454e-06,0,0,1,0.00847,1.5,0.00847,0
0.028342,-5.0504e-06,0,0,1,0.00848,1.5,0.00848,0
0.028184,-4.9554e-06,0,0,1,0.00849,1.5,0.00849,0
0.028027,-4.8603e-06,0,0,1,0.0085,1.5,0.0085,0
0.02786,-4.7842e-06,0,0,1,0.00851,1.5,0.00851,0
0.027693,-4.7081e-06,0,0,1,0.00852,1.5,0.00852,0
0.027526,-4.6319e-06,0,0,1,0.00853,1.5,0.00853,0
0.027359,-4.5558e-06,0,0,1,0.00854,1.5,0.00854,0
0.027192,-4.4797e-06,0,5.258e-19,1,0.00855,1.5,0.00855,0
0.027025,-4.4036e-06,0,5.258e-19,1,0.00856,1.5,0.00856,0
0.026858,-4.3274e-06,0,0,1,0.00857,1.5,0.00857,0
0.026691,-4.2513e-06,0,0,1,0.00858,1.5,0.00858,0
0.026524,-4.1752e-06,0,0,1,0.00859,1.5,0.00859,0
0.026357,-4.0991e-06,0,0,1,0.0086,1.5,0.0086,0
0.02619,-4.0229e-06,0,0,1,0.00861,1.5,0.00861,0
0.026023,-3.9468e-06,0,0,1,0.00862,1.5,0.00862,0
0.025856,-3.8707e-06,0,0,1,0.00863,1.5,0.00863,0
0.025689,-3.7946e-06,0,0,1,0.00864,1.5,0.00864,0
0.025522,-3.7184e-06,0,0,1,0.00865,1.5,0.00865,0
0.025354,-3.6423e-06,0,0,1,0.00866,1.5,0.00866,0
0.025187,-3.5662e-06,0,0,1,0.00867,1.5,0.00867,0
0.02502,-3.49e-06,0,0,1,0.00868,1.5,0.00868,0
0.024853,-3.4139e-06,0,0,1,0.00869,1.5,0.00869,0
0.024686,-3.3378e-06,0,0,1,0.0087,1.5,0.0087,0
0.024519,-3.2617e-06,0,0,1,0.00871,1.5,0.00871,0
0.024352,-3.1855e-06,0,0,1,0.00872,1.5,0.00872,0
0.024185,-3.1094e-06,0,0,1,0.00873,1.5,0.00873,0
0.024018,-3.0333e-06,0,0,1,0.00874,1.5,0.00874,0
0.023851,-2.9571e-06,0,0,1,0.00875,1.5,0.00875,0
0.023676,-2.9009e-06,0,0,1,0.00876,1.5,0.00876,0
0.0235,-2.8446e-06,0,0,1,0.00877,1.5,0.00877,0
0.023324,-2.7884e-06,0,0,1,0.00878,1.5,0.00878,0
0.023149,-2.7321e-06,0,0,1,0.00879,1.5,0.00879,0
0.022973,-2.6759e-06,0,5.258e-19,1,0.0088,1.5,0.0088,0
0.022797,-2.6196e-06,0,5.258e-19,1,0.00881,1.5,0.00881,0
0.022622,-2.5633e-06,0,0,1,0.00882,1.5,0.00882,0
0.022446,-2.5071e-06,0,0,1,0.00883,1.5,0.00883,0
0.02227,-2.4508e-06,0,0,1,0.00884,1.5,0.00884,0
0.022095,-2.3946e-06,0,0,1,0.00885,1.5,0.00885,0
0.021919,-2.3383e-06,0,0,1,0.00886,1.5,0.00886,0
0.021743,-2.2821e-06,0,0,1,0.00887,1.5,0.00887,0
0.021568,-2.2258e-06,0,0,1,0.00888,1.5,0.00888,0
0.021392,-2.1695e-06,0,0,1,0.00889,1.5,0.00889,0
0.021216,-2.1133e-06,0,0,1,0.0089,1.5,0.0089,0
0.021041,-2.057e-06,0,0,1,0.00891,1.5,0.00891,0
0.020865,-2.0008e-06,0,0,1,0.00892,1.5,0.00892,0
0.020689,-1.9445e-06,0,0,1,0.00893,1.5,0.00893,0
0.020514,-1.8883e-06,0,0,1,0.00894,1.5,0.00894,0
0.020338,-1.832e-06,0,0,1,0.00895,1.5,0.00895,0
0.020162,-1.7757e-06,0,0,1,0.00896,1.5,0.00896,0
0.019986,-1.7195e-06,0,0,1,0.00897,1.5,0.00897,0
0.019811,-1.6632e-06,0,0,1,0.00898,1.5,0.00898,0
0.019635,-1.607e-06,0,0,1,0.00899,1.5,0.00899,0
0.019459,-1.5507e-06,0,0,1,0.009,1.5,0.009,0
0.019276,-1.5138e-06,0,0,1,0.00901,1.5,0.00901,0
0.019092,-1.4768e-06,0,0,1,0.00902,1.5,0.00902,0
0.018908,-1.4399e-06,0,0,1,0.00903,1.5,0.00903,0
0.018724,-1.4029e-06,0,0,1,0.00904,1.5,0.00904,0
0.01854,-1.366e-06,0,0,1,0.00905,1.5,0.00905,0
0.018357,-1.329e-06,0,0,1,0.00906,1.5,0.00906,0
0.018173,-1.2921e-06,0,0,1,0.00907,1.5,0.00907,0
0.017989,-1.2552e-06,0,0,1,0.00908,1.5,0.00908,0
0.017805,-1.2182e-06,0,0,1,0.00909,1.5,0.00909,0
0.017621,-1.1813e-06,0,0,1,0.0091,1.5,0.0091,0
0.017438,-1.1443e-06,0,0,1,0.00911,1.5,0.00911,0
0.017254,-1.1074e-06,0,0,1,0.00912,1.5,0.00912,0
0.01707,-1.0704e-06,0,0,1,0.00913,1.5,0.00913,0
0.016886,-1.0335e-06,0,0,1,0.00914,1.5,0.00914,0
0.016702,-9.9657e-07,0,0,1,0.00915,1.5,0.00915,0
0.016519,-9.5962e-07,0,0,1,0.00916,1.5,0.00916,0
0.016335,-9.2268e-07,0,0,1,0.00917,1.5,0.00917,0
0.016151,-8.8573e-07,0,0,1,0.00918,1.5,0.00918,0
0.015967,-8.4879e-07,0,0,1,0.00919,1.5,0.00919,0
0.015783,-8.1185e-07,0,0,1,0.0092,1.5,0.0092,0
0.0156,-7.7491e-07,0,0,1,0.00921,1.5,0.00921,0
0.015416,-7.3797e-07,0,0,1,0.00922,1.5,0.00922,0
0.015232,-7.0102e-07,0,0,1,0.00923,1.5,0.00923,0
0.015048,-6.6408e-07,0,0,1,0.00924,1.5,0.00924,0
0.014864,-6.2713e-07,0,0,1,0.00925,1.5,0.00925,0
0.014673,-6.0734e-07,0,0,1,0.00926,1.5,0.00926,0
0.014482,-5.8755e-07,0,0,1,0.00927,1.5,0.00927,0
0.01429,-5.6775e-07,0,0,1,0.00928,1.5,0.00928,0
0.014099,-5.4796e-07,0,0,1,0.00929,1.5,0.00929,0
0.013908,-5.2817e-07,0,5.2575e-19,1,0.0093,1.5,0.0093,0
0.013716,-5.0837e-07,0,5.2575e-19,1,0.00931,1.5,0.00931,0
0.013525,-4.8858e-07,0,0,1,0.00932,1.5,0.00932,0
0.013334,-4.6879e-07,0,0,1,0.00933,1.5,0.00933,0
0.013142,-4.4899e-07,0,0,1,0.00934,1.5,0.00934,0
0.012951,-4.292e-07,0,0,1,0.00935,1.5,0.00935,0
0.01276,-4.0941e-07,0,0,1,0.00936,1.5,0.00936,0
0.012568,-3.8961e-07,0,0,1,0.00937,1.5,0.00937,0
0.012377,-3.6982e-07,0,0,1,0.00938,1.5,0.00938,0
0.012186,-3.5002e-07,0,0,1,0.00939,1.5,0.00939,0
0.011994,-3.3023e-07,0,0,1,0.0094,1.5,0.0094,0
0.011803,-3.1044e-07,0,0,1,0.00941,1.5,0.00941,0
0.011611,-2.9064e-07,0,0,1,0.00942,1.5,0.00942,0
0.01142,-2.7085e-07,0,0,1,0.00943,1.5,0.00943,0
0.011229,-2.5106e-07,0,0,1,0.00944,1.5,0.00944,0
0.011037,-2.3126e-07,0,0,1,0.00945,1.5,0.00945,0
0.010846,-2.1147e-07,0,0,1,0.00946,1.5,0.00946,0
0.010655,-1.9168e-07,0,0,1,0.00947,1.5,0.00947,0
0.010463,-1.7188e-07,0,0,1,0.00948,1.5,0.00948,0
0.010272,-1.5209e-07,0,0,1,0.00949,1.5,0.00949,0
0.010081,-1.323e-07,0,0,1,0.0095,1.5,0.0095,0
0.0098822,-1.2575e-07,0,0,1,0.00951,1.5,0.00951,0
0.0096839,-1.192e-07,0,0,1,0.00952,1.5,0.00952,0
0.0094855,-1.1265e-07,0,0,1,0.00953,1.5,0.00953,0
0.0092872,-1.061e-07,0,0,1,0.00954,1.5,0.00954,0
0.0090888,-9.9554e-08,0,0,1,0.00955,1.5,0.00955,0
0.0088905,-9.3006e-08,0,0,1,0.00956,1.5,0.00956,0
0.0086921,-8.6458e-08,0,0,1,0.00957,1.5,0.00957,0
0.0084938,-7.991e-08,0,0,1,0.00958,1.5,0.00958,0
0.0082954,-7.3361e-08,0,0,1,0.00959,1.5,0.00959,0
0.0080971,-6.6814e-08,0,0,1,0.0096,1.5,0.0096,0
0.0078987,-6.0265e-08,0,0,1,0.00961,1.5,0.00961,0
0.0077004,-5.3717e-08,0,0,1,0.00962,1.5,0.00962,0
0.007502,-4.7169e-08,0,0,1,0.00963,1.5,0.00963,0
0.0073036,-4.0621e-08,0,0,1,0.00964,1.5,0.00964,0
0.0071053,-3.4073e-08,0,0,1,0.00965,1.5,0.00965,0
0.0069069,-2.7524e-08,0,0,1,0.00966,1.5,0.00966,0
0.0067086,-2.0976e-08,0,0,1,0.00967,1.5,0.00967,0
0.0065102,-1.4428e-08,0,0,1,0.00968,1.5,0.00968,0
0.0063119,-7.8797e-09,0,0,1,0.00969,1.5,0.00969,0
0.0061135,-1.3318e-09,0,0,1,0.0097,1.5,0.0097,0
0.0059152,5.2168e-09,0,0,1,0.00971,1.5,0.00971,0
0.0057168,1.1765e-08,0,0,1,0.00972,1.5,0.00972,0
0.0055185,1.8313e-08,0,0,1,0.00973,1.5,0.00973,0
0.0053201,2.4861e-08,0,0,1,0.00974,1.5,0.00974,0
0.0051217,3.141e-08,0,0,1,0.00975,1.5,0.00975,0
0.0049689,3.1065e-08,0,1.8488e-07,1,0.00976,1.5,0.00976,0
0.004816,3.0719e-08,0,3.6976e-07,1,0.00977,1.5,0.00977,0
0.0046632,3.0374e-08,0,5.5466e-07,1,0.00978,1.5,0.00978,0
0.0045103,3.0029e-08,0,7.3954e-07,1,0.00979,1.5,0.00979,0
0.0043574,2.9684e-08,0,9.2443e-07,1,0.0098,1.5,0.0098,0
0.0042046,2.9339e-08,0,1.1093e-06,1,0.00981,1.5,0.00981,0
0.0040517,2.8993e-08,0,1.2942e-06,1,0.00982,1.5,0.00982,0
0.0038988,2.8648e-08,0,1.4791e-06,1,0.00983,1.5,0.00983,0
0.003746,2.8303e-08,0,1.664e-06,1,0.00984,1.5,0.00984,0
0.0035931,2.7958e-08,0,1.8489e-06,1,0.00985,1.5,0.00985,0
0.0034403,2.7613e-08,0,2.0337e-06,1,0.00986,1.5,0.00986,0
0.0032874,2.7267e-08,0,2.2186e-06,1,0.00987,1.5,0.00987,0
0.0031345,2.6922e-08,0,2.4035e-06,1,0.00988,1.5,0.00988,0
0.0029817,2.6577e-08,0,2.5884e-06,1,0.00989,1.5,0.00989,0
0.0028288,2.6232e-08,0,2.7733e-06,1,0.0099,1.5,0.0099,0
0.0026759,2.5887e-08,0,2.9582e-06,1,0.00991,1.5,0.00991,0
0.0025231,2.5541e-08,0,3.1431e-06,1,0.00992,1.5,0.00992,0
0.0023702,2.5196e-08,0,3.328e-06,1,0.00993,1.5,0.00993,0
0.0022174,2.4851e-08,0,3.5128e-06,1,0.00994,1.5,0.00994,0
0.0020645,2.4506e-08,0,3.6977e-06,1,0.00995,1.5,0.00995,0
0.0019116,2.4161e-08,0,3.8826e-06,1,0.00996,1.5,0.00996,0
0.0017587,2.3816e-08,0,4.0675e-06,1,0.00997,1.5,0.00997,0
0.0016059,2.347e-08,0,4.2524e-06,1,0.00998,1.5,0.00998,0
0.001453,2.3125e-08,0,4.4373e-06,1,0.00999,1.5,0.00999,0
0.0013002,2.278e-08,0,4.6222e-06,1,0.01,1.5,0.01,0
